Model,RMSE,MAE
GRU_i+5,195.47553820575158,153.48664678648197
