Model,RMSE,MAE,MAPE
LightGBM_i+5,298.2025709014906,243.97217372359538,14.675690470985739
