Model,RMSE,MAE
LightGBM_i+5,302.49472591178244,247.95614680958525
