Model,RMSE,MAE,MAPE
LightGBM_i+5,43.99602719641172,31.729483636743947,2.899222446543905
