Model,RMSE,MAE
LightGBM_i+5,299.3839919143161,246.05332920945358
