Model,RMSE,MAE
LightGBM_i+1,46.52471740090174,35.61976668453492
LightGBM_i+2,48.41942937996025,36.69942310005982
LightGBM_i+3,50.445950642931855,37.8319511517478
LightGBM_i+4,52.7907309361773,40.264452546947794
LightGBM_i+5,55.159126650777885,42.90143089735917
