Model,RMSE,MAE,MAPE
LightGBM_i+5,318.74466727664856,264.2971568506045,16.559262544241268
