Model,RMSE,MAE
LightGBM_i+1,61.21246910506907,36.94678819524678
LightGBM_i+2,61.79538889952389,36.686797735590346
LightGBM_i+3,65.50803673285574,40.0000134859581
LightGBM_i+4,66.46208989687594,40.90313837882686
LightGBM_i+5,71.0774649599728,45.68078984610317
LSTM_i+1,99.59424382832758,59.18457672541043
LSTM_i+2,93.70891709784031,63.88526886970766
LSTM_i+3,97.56884610501106,63.71890799761186
LSTM_i+4,94.64078638001327,67.37016560309858
LSTM_i+5,85.87702695948214,60.92418799803188
