Model,RMSE,MAE
LightGBM_i+1,60.96577769064394,36.59976672343124
LightGBM_i+2,63.03304438900587,37.52962460277781
LightGBM_i+3,66.38026293144154,40.79758183093902
LightGBM_i+4,66.30299274007083,40.96276403382192
LightGBM_i+5,71.43617999705802,46.103494865264835
LSTM_i+1,2649.2835176277486,2647.314731231968
LSTM_i+2,2649.19798449439,2647.2173994510313
LSTM_i+3,2649.060104167045,2647.072648962806
LSTM_i+4,2648.841345152255,2646.858434363875
LSTM_i+5,2648.704590809922,2646.7219278588454
