Model,Cumulative_Return,Sharpe_Ratio,Trade_Count,Total_Cost,RMSE
GRU,11139316.402598422,1.3116067097879687,1401,1.7063633465415444,275.60078348621136
LightGBM,1.6550403174196622e+33,5.140589105030079,1274,1.207449575000649,444.2213531938026
