Model,Cumulative_Return,Sharpe_Ratio,Max_Drawdown,RMSE
LightGBM,4.714901741016163,1.5417814352038228,-0.6847571596574978,104.53341715858774
